{
    "avg_prec": 0.5424575865700277,
    "roc_auc": 0.9340638488726013
}