{
    "avg_prec": 0.5438717662543198,
    "roc_auc": 0.8924629886608451
}